attribute,value
BU_SC_node_profile,profile
product_name,prod56789012345
SC_tree_id,sc010
node_from,JPN
node_to,LAX
time_profile,profile
plan_year,2023
plan_engine,ML
reward_sw,PROFITRATIO
calendar_cycle_week,"1,2,3,4,5,6,7,8,9,10,11,12,13,14,15,16,17,18,19,20,21,22,23,24,25,26,27,28,29,30,31,32,33,34,35,36,37,38,39,40,41,42,43,44,45,46,47,48,49,50,51,52"
calendar_off_week,"18,32"
weeks_year,52
product_cost_profile,profile
Price_a_planning_lot_size,0.025
AVE_PRICE_shipped_pack_lot,7.5
Cash_Intrest,0.05
PO_Mng_cost,0.05
Purchase_cost,0.4
REVENUE_RATIO,1
SGMC_ratio,0.3
WH_COST_RATIO,0.01
WH_COST_RATIO_aWeek,0
distribution_condition,profile
LOT_SIZE,3
LT_boat,4
LT_air,2
LT_qourier,1
Indivisual_Packing,1
Packing_Lot,1
Transport_Lot,1
planning_lot_size,1
Distriburion_Cost,6
weeks_year,52
SS_days,10
TAX_currency_condition,profile
HS_code,8703.8
customs tariff rate,0
income_tax_from,0
income_tax_to,0
forex_rate_USD_from,0
forex_rate_USD_to,0
,0
